100,5
0,4,36.554371440888296,65.0184894849974,51.77124426930201,99.9642899449461,96.85012795139238,47.70758163154625,67.00456375761908,57.38942907154988,7.091856980787573
1,0,61.50633238945444,14.624203777924869,31.200046024523324,28.237556304807562,44.34762572223051,80.76687103431503,30.58965629953179,38.7358936690396,83.7072935950844
2,2,97.12367876334528,87.2363560330487,88.20356223206466,94.79864725958159,75.09440738398449,23.65501905477872,63.96180276844354,102.030851058332,66.72283336389185
3,2,61.354428564157,42.0557256199688,44.51771288760526,57.761540329735105,47.18324329506864,31.26372993086712,22.26933731774875,59.0011876410229,51.913471603903766
4,4,57.75658653754949,22.074139696136925,31.600425287535142,38.54231867269082,37.03941252665309,53.71897672897561,7.1984468162633855,45.76129659853283,64.65100700824618
5,1,94.69044976813818,56.425936558901064,68.98841747937477,39.0933945168034,15.108807431091893,61.890326663027174,30.349121512573824,82.73178122512113,91.66807503260502
6,4,91.702874677104,58.86107806380631,68.86655599147251,49.529734663144225,27.169394479207707,50.3283264926605,30.896195642199316,83.26909808005432,83.32492217080026
7,2,96.31463881873694,72.01809751552484,78.51385781603331,69.0581448797862,46.99049722945151,38.46492013985049,44.64697718003174,93.1743328757971,78.46784860504219
8,0,63.78963792802511,74.54276343304645,67.2733237615779,99.62365930583226,88.86892026886119,20.794940917051733,63.881163920931094,77.7746761424773,25.3811336687846
9,1,94.329702978232,84.82372069418705,85.56064919503977,93.2316759570176,73.98264699371843,20.92443428365247,61.908727408376485,99.34368461403523,64.13864702046352
10,2,100.12803158163607,53.76526841234976,70.29890526631638,16.747062425615383,14.779300130882737,87.47293285169603,40.08033879751518,81.0136128475527,109.10455370020692
11,2,88.54504626657945,76.67160408054362,78.06288694847927,84.94577124174235,66.21793002184418,18.013348207719766,53.454086099892436,92.064172819085,61.515860345876774
12,3,62.601263676919935,73.06511403213433,65.8139652361146,98.27896693004851,87.71122613231422,20.48437568172807,62.54075912439833,76.36509584919237,24.814893732604677
13,3,74.95047719643267,52.29218881006767,57.1921032533598,58.93820592165849,42.82204853606105,30.688946424529725,27.102437330347172,71.81734135425671,61.859275775763784
14,2,16.933003572992757,32.69948787167182,16.215543071984577,73.22206039954796,82.33414568007709,76.21521260488319,54.40010364399933,10.06626194007852,54.595893032874
15,2,54.28251725405622,64.33657968668783,56.65803980298547,91.28489986794398,82.456297488185,22.978513877916892,55.71907812953831,67.20898121302575,20.99299252917505
16,4,32.589187421947294,19.760928979243534,10.276822166536363,58.95735745391051,70.89701934334688,79.05595585997021,45.93992418714016,7.92617951605906,65.6264453038911
17,3,12.513253027336468,42.58337465003366,26.284134510478726,82.94243509537903,92.4021477668274,82.25156091433219,64.29190326038164,17.094405557421165,55.45737722335651
18,1,57.724404035746964,61.05214784462739,55.54813518100514,85.05705205612054,74.89843873741081,16.67790622545419,49.31765999921188,67.39570380206189,29.058675422579487
19,3,64.34135971279186,58.303371765899584,56.27426494033797,76.99412095516932,64.56259005558164,12.905245060684447,41.56599493459684,69.56466766774831,40.854261374511026
20,2,27.699786164158414,60.16427885718231,45.63785529775691,97.05314008284026,96.1762635884929,53.95628612140437,65.77411746286771,49.724076615255576,16.051348461296996
21,2,25.423378302327954,34.15032712696876,21.55082037464079,71.09181611826601,72.50751518730677,51.90160740398725,41.9816818341633,31.024860776257793,36.00353159417812
22,2,43.85589503990275,40.68482139802443,35.27089656793973,68.87876364056974,63.70139527152574,33.72780110155701,34.32321675003973,47.98240558390949,34.73713060088995
23,2,89.23272250508158,59.256088588361585,67.91853767008571,53.827478752954136,32.51126632198443,44.47643181662103,31.25870215128927,82.49305235101163,78.5505700031701
24,3,55.18007412208236,25.948422236231426,31.859134429524815,45.18485378620469,41.391527475248814,47.24752440326032,10.91019684617994,46.47343563468297,58.40971531432001
25,0,64.35271602517119,39.21562909101936,44.366683373266994,51.0966056589058,40.25248302820863,37.29615114820874,16.101284113359817,59.02886985437952,58.41954438766867
26,1,49.371141677520214,29.58498517917437,30.05385161470884,57.79137463093831,75.87514329552371,97.90859183683219,57.377921878996446,22.9870837069721,85.90254310849483
27,0,16.159578519982837,51.21910410816271,35.472279899969884,89.93245858037598,91.86565439965187,60.04324897297457,61.30425111258637,37.981678241117564,27.592678993849304
28,1,72.7543222223298,66.1387354276737,64.88090750433881,81.77774242566605,67.04908469719341,6.483048157477853,47.16244740494935,78.28015027008608,45.97210712463904
29,2,69.8193526595652,57.89201949178806,58.31881143946753,72.14815458795357,57.86845192081785,16.036229103550237,37.63695551142033,72.27939461798698,49.080829628971706
30,4,57.673771926024216,11.899059994045302,27.606527708477422,32.6381318765413,48.36802646508971,80.87660556738531,32.42356975853887,34.43175392411239,81.52869662265412
31,0,67.38557249910369,24.186288605519067,38.45739675796093,30.39996089783569,51.35626343580666,92.70726161602651,42.19548554624874,42.13577364384855,93.76387442051879
32,2,43.31874447489087,61.7505001006372,51.1109807054161,93.3453659062118,87.76543311198606,35.490619438526686,58.89721381764852,59.612226010461335,10.609771482474532
33,0,90.0986234599895,42.525243312906305,59.63912883859697,2.3193971360709047,26.051550745527596,90.38414853859022,38.0516524520127,68.50297812677445,105.29475887364946
34,3,42.47061629684285,34.365902072325134,29.50589388112213,66.72310652180987,83.43003233429387,98.27131544670031,62.36019919423745,18.09944364246026,81.83277665185527
35,1,81.21126370887676,76.97424286155412,75.33369509437543,91.49224820893578,75.27284047038678,7.062499845724902,57.4814421656703,88.46312743632471,49.728262955950136
36,1,67.95877268498016,56.984621162924654,56.9354965912142,72.38137078331543,58.70543883673276,15.818979827442615,37.54255772996903,70.79799643300028,47.21874769177384
37,3,91.73096355037387,60.62460357437686,69.86166617321261,53.06204596489447,30.920666194871195,47.31589973555518,32.57497088173485,84.37877910284767,81.56442530682592
38,0,62.882331123677474,17.020628051398393,32.895905262063565,28.5991724922303,46.41346452475939,84.3139688272025,34.08564106617802,39.1840908116544,86.53384626775284
39,2,75.29393942937493,55.921425512960106,59.51979401426649,64.23955134286619,47.999634225307595,25.57072569608919,31.8206289927151,74.02471088409004,59.04698113116231
40,2,95.56592990617622,65.89169776960003,74.61898223352209,58.27838884497136,35.4872175684789,46.548378633511774,37.86089311507931,89.20130029305554,83.0782558782299
41,0,34.60503214703569,50.06221097139303,39.07826459270054,83.35620953306811,80.0791780556513,39.84632503656828,50.14511435343174,48.00467071050382,19.857870184588037
42,2,95.7303247894039,67.17150482349192,75.42661541379579,60.577856615787844,37.93181048631938,44.792890575415264,39.20740546473791,90.04736680980251,82.09992480053486
43,4,23.388696432954514,29.56088269164293,15.458175903930096,68.1420417138509,71.71270737896675,57.60059976346057,41.61151037968748,24.684289642427654,41.858002731099845
44,3,43.960055446486564,30.60954860474206,28.006459457984306,58.84287392217231,55.7645138952935,41.4244903333051,25.438947430046635,42.004801090021054,44.20134951494228
45,1,59.0773972799446,24.316868744884705,33.19968580689581,43.36761105722917,63.107194128713765,95.52304546775929,49.044727443863685,32.59172321515656,90.44595328151323
46,4,53.469537978631806,51.74957560463325,47.3334413035945,75.83534276295113,66.85786941318243,21.807785552495975,40.1565798873483,59.950116935957816,33.07122744187018
47,2,62.36259776719139,57.45931553854041,54.89515487379587,77.27011697973057,65.4620586718598,13.952652384621429,41.690258023332255,68.0284622817464,38.90224853794548
48,3,59.195121221316455,21.536863203358024,32.30440921638474,36.175498543690516,35.357352417326624,55.798074520529035,6.65269789266837,46.2103446945375,66.97450449001028
49,4,99.06121039849202,53.015778348760655,69.38997759723786,17.324359590735046,12.57089231139001,85.33508797364647,38.37412475617545,80.37688391623287,107.34747260465241
50,4,29.317199294655744,56.82797206561571,43.20891385840512,92.74587231129073,91.09856466545352,49.02062037317537,60.813898914390826,48.8633912176664,15.00950138402835
51,3,51.587096089447414,40.77514549373547,38.931909774497214,64.056521875333,56.60195561008172,30.591738240430004,28.538897236221256,52.70600889270881,41.674819392549345
52,0,54.72861231430748,53.74726724101996,49.24593781259347,77.53262728222363,68.13140696404308,20.099291970259525,41.818565930376806,61.76316071503161,32.56490722102636
53,0,60.403833434901586,14.784521972561384,30.443584183770923,30.722136395684227,47.699695830586464,83.08320686094805,33.690211577794926,36.77461631625615,84.39429318069378
54,3,19.607399033043635,61.95006089286109,45.605056312550325,101.17738189884246,103.35302385752995,67.17421139984992,72.78394869362077,45.55583151879285,28.39108943678999
55,4,94.17650935341862,51.20738987223007,66.02583453824204,25.879252220807345,1.1617630530124203,72.46447907863254,30.100772453544035,78.60553870589176,97.47773131013693
56,0,76.12708947335595,49.5796627286594,56.182285014445725,53.27714907676056,36.86436880159269,36.65095839036965,22.944938163351264,70.8450086956385,66.19912731498269
57,1,25.950346168331276,21.76485813034375,4.775519367806571,62.39654421916113,70.84604599254149,70.12753043763682,43.12496815254022,11.750814053733098,55.48975483501892
58,1,60.19704295576656,43.732658407504424,44.98790168062022,60.923842668914524,50.442663313603866,28.572783694185144,25.324992906662313,59.2958750775519,48.91538061775071
59,0,95.34845876462856,63.704087535218015,73.28045597445083,54.17002280499562,31.11109423120363,49.7879615695069,35.679591582708575,87.76205098519826,84.90623052760344
60,0,67.632503120752,23.240691382621645,38.40401446047748,24.186739979189174,27.963213322176042,66.399703684108,13.121842942330655,50.626670740149244,78.84827824866909
61,2,84.09097421397271,52.79695602997489,61.85741682452388,48.60937116684826,29.00255139201633,45.237820098049255,24.772510005501175,76.37186042644929,76.11719054523466
62,1,41.85303902037161,76.10597947361903,61.90492754320271,111.90549856673776,109.00097888257208,56.26962569591632,79.16262381718391,65.66745427115207,12.753964461186191
63,4,51.977550234209495,5.697237982187746,21.72688129783837,36.23917237179458,45.512307071607054,68.85991531703338,22.89132709018004,33.09252569052294,70.81772117697356
64,0,70.97201821917335,23.93832718648175,40.66924382996891,20.127351065156436,39.97155177356102,86.08191264902487,33.62224289662324,47.794648631496656,92.18709119811217
65,4,44.73920020138925,83.36318148062028,68.2789350864013,120.29760569929907,118.32811715718515,65.77933932327831,88.26077917872152,70.26091975904093,22.576869311950034
66,0,53.66355099666646,16.50553883837976,26.105811432447585,41.89364376794488,59.218420996267554,87.69040169089935,42.316832157494055,28.00690403215127,83.06545733668158
67,1,71.48574139214617,24.59817601444284,41.23659627013163,20.216028960651016,40.53347162369966,87.05352943622503,34.587971364497285,48.110563822682344,93.02064526526031
68,4,64.02530991725857,30.060198755177627,39.27810108613258,39.406307006045665,32.65149092833582,49.52677328164424,3.807500188423518,53.62231234988921,66.1338301487687
69,4,97.9691883300598,89.63076280368163,90.06265788409861,98.04795406825995,78.5252849550925,23.970424750037864,66.83858477570668,103.72906547023909,66.2383227910801
70,0,84.23503575129223,54.210188180193974,62.71169449523545,51.05292230948192,31.404691229615636,43.13369234074842,26.290595416553945,77.28810623882046,74.96457698739972
71,0,46.39858660630878,14.180013707092126,19.372754270280996,47.15318308186985,62.33979179751855,83.86588783943272,42.02988283962161,20.965065252897546,76.6449676714283
72,3,66.86076011105249,42.62997978665909,47.61416845636526,53.13024222503441,40.769479844936576,35.031317690765526,18.83496623911502,62.267003970531874,58.80851862691817
73,0,75.60792241822378,28.622099775475878,45.40708201416229,13.380569823293527,25.75720859862753,76.99235736529756,23.72722074930985,55.794825346253354,89.7074688053373
74,2,55.27787245956666,37.40922746037484,38.57931109516848,57.392212748396474,49.510372779529774,34.206807156347516,21.703333479416834,52.971816106480205,48.73017271939054
75,3,79.2117745405711,35.0938353681647,50.31417793272916,19.43081678329623,16.05118712215334,68.91449341088621,18.116336891009553,62.55437835601271,87.12789722475726
76,0,64.6939583485106,24.463417345975202,37.079703829836255,31.260030837847548,29.764158479461926,58.65870256679687,5.523108343454487,50.53761200402751,72.32306925184434
77,4,44.970408278193275,12.392610265794586,17.286825161134892,47.22887567107696,61.57322424249016,81.61724716431621,40.40141934851162,20.125044625861136,74.49058885400385
78,4,16.513178347022585,39.631920882030556,24.006458119741513,79.67948092603548,90.02850135195895,83.53218257924561,62.56932714592705,13.175348120515212,58.64887486629559
79,3,57.48994008745876,19.472930664622705,30.283432053374217,36.52733923525395,36.974910428431954,56.75967758806917,8.770856649747609,44.12537350326536,66.4806946750253
80,2,19.58224119700161,32.586132934134476,17.073112399514844,72.75195996417749,82.98893328951631,79.64312094167954,55.7720043671514,7.219426188514607,58.36624928203469
81,1,45.75084887268261,80.89895328509981,66.6164816487082,116.65734297836772,113.48799431288872,58.85418870183362,83.76234310435238,70.07162685930236,16.17184220820544
82,3,72.19723545283638,38.484458498708285,48.12232095918542,40.2960424968604,27.838542522310725,48.05722046846558,10.48351669052921,62.482077130203265,70.55641103184563
83,1,46.4994808431229,14.97753099335092,19.830251107737908,47.58518119454068,62.98230304310845,84.60928671267322,42.81445354153953,20.86313462151854,77.1317736160747
84,1,46.83501234050407,11.501042387262558,18.875568775425684,43.287485355525945,47.80423710806284,59.75537417962536,19.95064185426899,32.85876637605212,61.423340581437486
85,2,23.755175201604786,57.12050473676513,42.186443460236646,94.65230950250172,94.69299976314747,55.879681025996504,64.16834310904821,45.802817411712326,19.8823637809044
86,4,53.30829469333488,36.26700660515072,36.436041785965195,62.136972669786644,81.34276670686137,104.59857728332483,63.91442046240673,27.815179097773278,91.44157726124443
87,1,12.940720402226418,39.44065364590454,23.193308703428684,79.02539164575546,83.11226573399453,62.45023318787768,52.94321008767933,26.21779941288055,37.69868426792173
88,0,95.87340805004357,68.62210425466348,76.32881625841344,63.19857277559998,40.73373210181863,42.76521882440847,40.78964032530246,90.9790417785115,80.93476044713563
89,1,47.08263633302571,70.18225775653524,58.72422141783352,102.24706974425267,96.39866170468916,39.43590877873718,67.74558327211243,66.09272043441644,4.568607174486287
90,2,56.73379414217475,28.543991092025067,33.84591986284533,50.626201989801835,70.27894116189549,99.23857397917007,54.88891816079566,30.005947510859524,90.9665760528701
91,3,72.68906251297537,39.154564187552744,48.73364974862785,40.67727820238779,27.804905150965556,47.761907682368566,11.15719774318692,63.10766147044588,70.68962234279024
92,1,40.259888849549135,58.22070993234055,47.41171954637192,90.3973690965311,85.53577911691744,36.75859358208375,56.28963861728925,55.95302575684872,12.756257518701483
93,3,83.09425629752143,57.635782892027876,64.12256275369123,58.61838675485265,39.56723260142547,35.43790290810997,30.652755061996135,78.78774483915187,69.77636804415103
94,3,78.32873640352048,61.593144533850236,64.33855405857867,70.14601045509546,53.108097515082626,21.263686339556685,37.92555661929692,78.69945081638406,58.55455999218253
95,0,59.48523979652369,50.65652858541545,49.13239556968091,70.37169610475097,59.5295475254491,20.55043544989736,34.70189350725866,62.73119272142724,41.55912361648452
96,1,16.901634360355082,38.03868996734804,22.632425049185972,76.93891091279751,80.08354160326392,58.6793830178745,49.743245327981114,27.891626675334997,36.01481148648866
97,0,59.290052600975784,66.29374511905402,59.83491737364564,91.0484271397843,80.7817666222221,17.634322685039923,55.31334752286554,71.03626652415798,26.07409114730472
98,4,21.338787850896185,33.40732746906322,18.731774840480586,73.16476073783933,84.18193927615525,82.40283799072525,57.47175739567624,6.483139924930702,61.01957650438233
99,2,74.60675977047218,27.191664667276594,44.17889938170055,15.68616236933975,36.19925537190997,86.08491336918127,33.00950494600826,51.913338145091934,94.26290245127997
9
0,20.77998366845817
1,96.2827124526196
2,22.49714029166433
3,42.79884845208113
4,41.124423153542914
5,50.15324520657568
6,26.226989584079284
7,15.843740863809252
8,5.056099865526297
